id,first_name,last_name,email,gender,ip_address
1,Marna,Silcock,msilcock0@bizjournals.com,Female,38.189.219.211
2,Aubrie,Peare,apeare1@wikispaces.com,Female,224.36.156.246
3,Madella,Tudge,mtudge2@economist.com,Female,235.18.75.124
4,Ulrick,Puttnam,uputtnam3@webnode.com,Non-binary,251.133.28.213
5,Raviv,Hastie,rhastie4@techcrunch.com,Male,225.133.88.251
6,Kalinda,Smuth,ksmuth5@nydailynews.com,Genderfluid,43.225.146.93
7,Roderigo,Restorick,rrestorick6@netscape.com,Male,32.100.123.50
8,Erasmus,Muxworthy,emuxworthy7@house.gov,Male,123.108.102.93
9,Sanson,Pigeon,spigeon8@ning.com,Male,190.201.117.10
10,Dimitri,De Witt,ddewitt9@trellian.com,Male,128.38.135.102
11,Tabitha,Barukh,tbarukha@123-reg.co.uk,Female,79.22.115.254
12,Camille,Cadwaladr,ccadwaladrb@drupal.org,Female,67.92.73.196
13,Giffer,Troppmann,gtroppmannc@bravesites.com,Bigender,170.108.148.172
14,Harley,Sager,hsagerd@cbsnews.com,Male,34.126.213.117
15,Lezley,Misson,lmissone@sohu.com,Male,151.25.39.128
16,Benedikt,Leadbeater,bleadbeaterf@fema.gov,Male,97.175.181.113
17,Eliot,Howsam,ehowsamg@netvibes.com,Male,231.84.97.40
18,Vanda,Noble,vnobleh@exblog.jp,Bigender,30.3.132.165
19,Wandis,Heaney`,wheaneyi@accuweather.com,Female,221.149.21.176
20,Alissa,McKnockiter,amcknockiterj@phoca.cz,Female,94.130.238.84
21,Courtney,Spollen,cspollenk@nasa.gov,Female,9.29.62.88
22,Keven,Paolillo,kpaolillol@xrea.com,Male,102.170.104.122
23,Hart,Shobbrook,hshobbrookm@admin.ch,Male,92.72.254.145
24,Antons,Shotboult,ashotboultn@tmall.com,Male,151.161.241.206
25,Willem,Ofen,wofeno@addtoany.com,Male,139.60.95.230
26,Yvon,Burnes,yburnesp@cdc.gov,Male,3.235.61.206
27,Fulvia,Hamblen,fhamblenq@etsy.com,Female,80.224.26.179
28,Stacee,Keast,skeastr@bandcamp.com,Male,64.171.188.9
29,Sandor,Sandever,ssandevers@1688.com,Male,172.104.155.183
30,Gladi,Fardy,gfardyt@booking.com,Female,230.238.230.10
31,Ebony,Want,ewantu@foxnews.com,Female,50.99.98.117
32,Winnie,Attfield,wattfieldv@shop-pro.jp,Male,208.203.176.242
33,Donetta,Gjerde,dgjerdew@accuweather.com,Bigender,234.198.102.77
34,Jefferson,Cowcha,jcowchax@si.edu,Genderqueer,48.189.93.121
35,Essy,Scoullar,escoullary@hostgator.com,Polygender,128.235.246.199
36,Ulises,Brasier,ubrasierz@bandcamp.com,Male,225.128.23.95
37,Kacey,Capaldo,kcapaldo10@hao123.com,Female,62.246.180.60
38,Skippy,Yushankin,syushankin11@army.mil,Male,30.185.185.142
39,Reine,Tankard,rtankard12@go.com,Female,128.45.211.210
40,Fiorenze,Bingell,fbingell13@nba.com,Female,7.135.54.221
41,Marilyn,Slavin,mslavin14@cornell.edu,Female,225.157.212.53
42,Jourdain,Regenhardt,jregenhardt15@chron.com,Male,182.220.241.229
43,Timmie,Suscens,tsuscens16@xinhuanet.com,Male,91.204.101.144
44,Cathrine,Breyt,cbreyt17@washington.edu,Female,42.44.50.128
45,Lorrayne,Rochford,lrochford18@wunderground.com,Female,42.214.56.218
46,Harmon,Clague,hclague19@loc.gov,Male,211.35.164.173
47,Chas,Skone,cskone1a@cam.ac.uk,Male,6.28.23.200
48,Wolfgang,Jennaway,wjennaway1b@alibaba.com,Polygender,45.83.146.180
49,Killie,Lesly,klesly1c@pinterest.com,Male,36.107.204.39
50,Aubry,Thurgood,athurgood1d@va.gov,Female,147.172.146.223
51,Basia,Vooght,bvooght1e@storify.com,Female,194.52.8.71
52,Glenna,McLevie,gmclevie1f@yellowpages.com,Genderfluid,158.192.161.190
53,Antonella,Sivill,asivill1g@github.com,Female,169.69.158.60
54,Chaddie,McFall,cmcfall1h@amazon.co.uk,Male,196.50.15.253
55,Chastity,Shapiro,cshapiro1i@prlog.org,Female,213.49.173.159
56,Baillie,Schwanden,bschwanden1j@senate.gov,Male,112.17.246.147
57,Ynez,Lecky,ylecky1k@europa.eu,Female,116.247.114.171
58,Gwenore,Baniard,gbaniard1l@cocolog-nifty.com,Female,196.110.70.77
59,Karrah,Cranmor,kcranmor1m@smugmug.com,Female,109.186.12.26
60,Clarice,Cawsy,ccawsy1n@ycombinator.com,Female,216.127.238.63
61,Celine,Tylor,ctylor1o@imgur.com,Female,94.120.20.57
62,Carlin,Husset,chusset1p@jimdo.com,Male,148.114.40.159
63,Marijn,Liggons,mliggons1q@hc360.com,Male,237.197.250.163
64,Ebonee,Vaz,evaz1r@telegraph.co.uk,Polygender,186.230.127.244
65,Willetta,Axelbey,waxelbey1s@sphinn.com,Female,105.109.249.221
66,Bettine,Kettlestringes,bkettlestringes1t@instagram.com,Female,58.20.67.93
67,Erhart,McClary,emcclary1u@reddit.com,Male,178.43.2.255
68,Olivia,Ridges,oridges1v@jalbum.net,Female,227.12.4.239
69,Briana,Johanchon,bjohanchon1w@t.co,Female,218.139.124.77
70,Rosemary,Rainsbury,rrainsbury1x@uol.com.br,Female,27.35.231.55
71,Curtice,Trenchard,ctrenchard1y@cbsnews.com,Male,232.155.216.86
72,Geoffrey,Dudman,gdudman1z@sbwire.com,Male,121.128.240.26
73,Tonie,Lemonby,tlemonby20@vimeo.com,Female,46.85.144.212
74,Halsy,Rummer,hrummer21@simplemachines.org,Male,14.12.160.56
75,Annabal,Thrift,athrift22@barnesandnoble.com,Female,133.215.222.200
76,Bella,Illing,billing23@tamu.edu,Female,192.177.250.99
77,Rozanna,Southway,rsouthway24@dailymotion.com,Female,72.126.98.230
78,Madalyn,Exer,mexer25@house.gov,Female,81.64.119.5
79,Karyl,Blum,kblum26@state.tx.us,Female,20.55.16.162
80,Rudolph,Beebis,rbeebis27@infoseek.co.jp,Male,209.242.149.159
81,Astrid,Buncom,abuncom28@mail.ru,Female,169.212.166.16
82,Sherye,Filipyev,sfilipyev29@jigsy.com,Female,182.180.56.86
83,Brendin,Herrieven,bherrieven2a@xinhuanet.com,Male,126.133.41.241
84,Angelia,Bulcroft,abulcroft2b@noaa.gov,Female,80.38.83.190
85,Godard,Brunsen,gbrunsen2c@census.gov,Male,169.188.237.91
86,Joellyn,Leather,jleather2d@desdev.cn,Female,217.252.137.182
87,Laurice,Kench,lkench2e@twitpic.com,Female,187.139.17.214
88,Joby,Andryunin,jandryunin2f@toplist.cz,Female,81.105.140.67
89,Georgeanne,Gifkins,ggifkins2g@dagondesign.com,Female,233.69.216.10
90,Agathe,Nutten,anutten2h@nhs.uk,Genderqueer,117.252.6.209
91,Belita,Feavers,bfeavers2i@moonfruit.com,Female,173.245.251.38
92,Rabbi,Linay,rlinay2j@wp.com,Male,124.123.250.252
93,Thorsten,Townley,ttownley2k@craigslist.org,Male,211.162.14.220
94,Germaine,Bradneck,gbradneck2l@hud.gov,Male,159.14.146.124
95,Georg,Eschalotte,geschalotte2m@mapquest.com,Male,110.48.12.104
96,Tiffani,Carbonell,tcarbonell2n@photobucket.com,Non-binary,1.56.17.231
97,Coleen,Fidele,cfidele2o@bizjournals.com,Non-binary,134.54.178.192
98,Hakim,Almak,halmak2p@dailymotion.com,Male,110.48.190.63
99,Theda,Spraging,tspraging2q@indiatimes.com,Female,214.97.188.32
100,Madella,Josling,mjosling2r@japanpost.jp,Female,147.214.158.62
101,Maurine,Sweetenham,msweetenham2s@sitemeter.com,Female,88.169.187.49
102,Aymer,Worrall,aworrall2t@reference.com,Male,56.10.36.16
103,Quinn,Dayne,qdayne2u@utexas.edu,Female,198.129.163.161
104,Hermina,Mebs,hmebs2v@drupal.org,Female,199.90.151.35
105,Raoul,Crowth,rcrowth2w@delicious.com,Male,70.199.123.195
106,Addi,Rodda,arodda2x@buzzfeed.com,Female,73.34.129.154
107,Caesar,MacDermand,cmacdermand2y@yellowbook.com,Male,144.167.162.254
108,Fonz,MacCarlich,fmaccarlich2z@upenn.edu,Male,160.99.251.75
109,Matty,Iddons,middons30@imgur.com,Male,51.78.223.168
110,Tani,Tapp,ttapp31@chicagotribune.com,Female,189.122.83.153
111,Anderea,Parsons,aparsons32@dailymail.co.uk,Female,157.132.70.252
112,Georgine,Henzer,ghenzer33@edublogs.org,Female,110.151.250.253
113,Leontyne,Simionescu,lsimionescu34@dot.gov,Female,74.0.14.211
114,Brandie,Penrice,bpenrice35@utexas.edu,Female,135.82.228.42
115,Geralda,Dicte,gdicte36@house.gov,Female,253.182.161.119
116,Brandice,Elkington,belkington37@home.pl,Female,52.175.120.115
117,Archie,McCurley,amccurley38@google.es,Non-binary,176.88.72.140
118,Enrique,Kilalea,ekilalea39@technorati.com,Male,156.124.96.27
119,Chane,Dallimare,cdallimare3a@hp.com,Male,192.102.217.231
120,Darb,Elix,delix3b@gravatar.com,Male,196.36.20.5
121,Nadia,Addicote,naddicote3c@cafepress.com,Female,229.12.93.212
122,Levin,Renault,lrenault3d@altervista.org,Male,210.18.98.43
123,Sayre,Wandless,swandless3e@google.fr,Genderqueer,19.20.214.199
124,Moyra,Rochford,mrochford3f@liveinternet.ru,Female,71.140.128.230
125,Joycelin,Ragless,jragless3g@bbb.org,Female,178.109.66.8
126,Stormi,Ropp,sropp3h@stumbleupon.com,Female,242.167.180.99
127,Del,Wallentin,dwallentin3i@vistaprint.com,Female,191.102.190.201
128,Corry,Gonnin,cgonnin3j@homestead.com,Female,187.9.160.93
129,Vlad,Abberley,vabberley3k@sitemeter.com,Male,16.217.75.55
130,Axel,Rizziello,arizziello3l@archive.org,Male,121.209.97.108
131,Carmita,Ingram,cingram3m@rediff.com,Female,209.158.172.21
132,Jackie,Stelfox,jstelfox3n@ameblo.jp,Male,62.175.13.73
133,Marielle,Sier,msier3o@mit.edu,Female,232.195.130.184
134,Elvera,Haney`,ehaney3p@answers.com,Female,95.18.103.129
135,Cherin,McCaskill,cmccaskill3q@reddit.com,Female,140.64.3.181
136,Allix,Holligan,aholligan3r@netlog.com,Female,191.76.109.222
137,Kory,Batham,kbatham3s@stanford.edu,Male,242.49.239.134
138,Eddy,Callear,ecallear3t@economist.com,Female,211.134.78.76
139,Almeta,Mason,amason3u@arizona.edu,Female,47.229.156.95
140,Bianka,Birkmyr,bbirkmyr3v@mail.ru,Female,54.35.213.102
141,Nickola,Form,nform3w@uiuc.edu,Male,37.191.158.223
142,Suzanna,Rivalland,srivalland3x@usatoday.com,Female,75.234.151.120
143,Caritta,Guenther,cguenther3y@usgs.gov,Female,119.56.98.177
144,Lory,Mingard,lmingard3z@ning.com,Female,248.67.184.36
145,Chas,Hackforth,chackforth40@miibeian.gov.cn,Male,88.199.126.49
146,Taite,Champ,tchamp41@independent.co.uk,Male,8.57.115.158
147,Ron,Earnshaw,rearnshaw42@fc2.com,Male,164.240.255.91
148,Elisabeth,Tamas,etamas43@ameblo.jp,Genderfluid,116.105.159.153
149,Ester,Laboune,elaboune44@blogs.com,Female,213.106.32.48
150,Kimbell,Rossiter,krossiter45@google.co.uk,Polygender,210.98.205.209
151,Mindy,MacKibbon,mmackibbon46@jiathis.com,Genderqueer,150.195.205.145
152,Stepha,Carrodus,scarrodus47@gmpg.org,Non-binary,103.46.105.36
153,Marwin,Maling,mmaling48@who.int,Male,96.119.69.115
154,Philippe,Lanon,planon49@kickstarter.com,Female,85.88.178.120
155,Rivalee,Couldwell,rcouldwell4a@archive.org,Female,105.125.255.6
156,Chancey,Water,cwater4b@chicagotribune.com,Male,69.181.140.19
157,Roderic,O'Lyhane,rolyhane4c@gizmodo.com,Male,61.32.53.162
158,Margarita,Feasby,mfeasby4d@privacy.gov.au,Female,255.224.109.183
159,Dominique,Goldberg,dgoldberg4e@domainmarket.com,Genderqueer,42.134.133.5
160,Thaxter,Wyldes,twyldes4f@hubpages.com,Agender,233.134.196.103
161,Isabelle,Guiraud,iguiraud4g@baidu.com,Female,9.132.243.89
162,Amaleta,Loraine,aloraine4h@godaddy.com,Female,242.240.23.129
163,Randa,Stickells,rstickells4i@booking.com,Female,235.0.138.34
164,Flor,Tomasik,ftomasik4j@clickbank.net,Female,163.203.23.229
165,Brew,Sainte Paul,bsaintepaul4k@google.nl,Male,135.169.92.118
166,Maurene,Benedicte,mbenedicte4l@ask.com,Female,76.86.119.200
167,Edik,Gannan,egannan4m@hp.com,Male,149.145.53.206
168,Agna,Jeannequin,ajeannequin4n@lycos.com,Female,13.142.139.49
169,Bartholemy,Meers,bmeers4o@vistaprint.com,Male,11.118.174.126
170,Matthus,Cullin,mcullin4p@bluehost.com,Genderqueer,79.170.203.196
171,Dorena,Cottingham,dcottingham4q@zdnet.com,Female,79.229.102.189
172,Gabey,Snape,gsnape4r@prweb.com,Polygender,100.1.160.253
173,Roobbie,Cooke,rcooke4s@surveymonkey.com,Female,55.240.181.76
174,Elliot,McIlriach,emcilriach4t@mit.edu,Male,238.154.208.157
175,Gypsy,Wolfe,gwolfe4u@nyu.edu,Female,203.89.38.21
176,Giana,Thornham,gthornham4v@digg.com,Female,230.151.96.70
177,Gilli,Torel,gtorel4w@ucoz.com,Female,151.18.15.248
178,Miltie,Grigorescu,mgrigorescu4x@statcounter.com,Male,244.15.160.18
179,Federica,McIlvoray,fmcilvoray4y@biblegateway.com,Genderfluid,216.3.122.154
180,Yul,Skeleton,yskeleton4z@taobao.com,Male,162.40.42.255
181,Winn,Pancost,wpancost50@ovh.net,Male,16.119.99.166
182,Mellisent,Sibbit,msibbit51@reuters.com,Female,95.233.146.98
183,Clarey,Ladell,cladell52@over-blog.com,Female,175.205.173.137
184,Corinne,Raff,craff53@hibu.com,Bigender,89.212.235.50
185,Rhona,Goldfinch,rgoldfinch54@google.es,Female,254.47.187.159
186,Valaria,Starsmore,vstarsmore55@cdc.gov,Female,237.168.187.170
187,Tynan,McCambrois,tmccambrois56@360.cn,Male,138.122.133.143
188,Lara,Ezzell,lezzell57@1688.com,Female,123.11.80.138
189,Teddie,Caller,tcaller58@google.com.au,Polygender,44.135.222.191
190,Pacorro,Brise,pbrise59@sun.com,Male,146.55.71.40
191,Car,Streather,cstreather5a@epa.gov,Bigender,162.173.83.167
192,Erminia,Roderham,eroderham5b@github.com,Female,41.71.198.52
193,Robin,Ennever,rennever5c@ow.ly,Female,143.65.158.56
194,Donalt,Fouldes,dfouldes5d@dell.com,Male,137.89.215.154
195,Alethea,Chamberlin,achamberlin5e@yahoo.com,Female,162.210.185.202
196,Cornelius,Killeen,ckilleen5f@blog.com,Male,15.219.108.141
197,Hershel,Sacks,hsacks5g@abc.net.au,Male,131.82.147.224
198,Wendall,Dyshart,wdyshart5h@liveinternet.ru,Genderfluid,202.36.183.159
199,Gabriella,Swaffer,gswaffer5i@reuters.com,Bigender,246.187.208.167
200,Suzie,Nann,snann5j@mozilla.org,Female,19.207.110.255
201,Bradly,Staples,bstaples5k@feedburner.com,Male,8.31.89.83
202,Tamra,Demongeot,tdemongeot5l@prlog.org,Female,57.233.174.130
203,Blayne,Meindl,bmeindl5m@weebly.com,Male,190.23.82.97
204,Rolfe,Liversage,rliversage5n@mapy.cz,Male,170.97.247.186
205,Lewiss,Heardman,lheardman5o@alibaba.com,Male,216.213.53.195
206,Wallache,Doram,wdoram5p@linkedin.com,Male,124.37.117.70
207,Linzy,Durant,ldurant5q@artisteer.com,Female,188.27.66.71
208,Rafaellle,Lentsch,rlentsch5r@tumblr.com,Male,227.152.213.242
209,Myrvyn,Fardo,mfardo5s@washington.edu,Male,4.240.44.56
210,Omero,Moorman,omoorman5t@sohu.com,Male,113.15.178.150
211,Emanuel,Beautyman,ebeautyman5u@buzzfeed.com,Male,43.169.115.223
212,Ronny,Hultberg,rhultberg5v@oakley.com,Male,73.93.104.141
213,Myrtie,Millichap,mmillichap5w@lulu.com,Female,141.224.250.154
214,Riva,Dowthwaite,rdowthwaite5x@hostgator.com,Female,157.221.51.178
215,Mohandas,Connerry,mconnerry5y@wisc.edu,Agender,62.89.252.27
216,Dannel,Busse,dbusse5z@cocolog-nifty.com,Male,187.221.150.12
217,Elnora,Weddell,eweddell60@wisc.edu,Female,3.21.53.82
218,Ollie,Sharrem,osharrem61@cnet.com,Female,45.24.78.246
219,Ingamar,Vile,ivile62@furl.net,Male,126.88.140.14
220,Garner,Joe,gjoe63@yolasite.com,Male,148.63.223.195
221,Flint,Konke,fkonke64@multiply.com,Male,51.117.38.151
222,Marys,Keinrat,mkeinrat65@domainmarket.com,Female,71.199.81.13
223,Jermayne,Hugli,jhugli66@marriott.com,Male,96.44.31.84
224,Mirella,Sarath,msarath67@surveymonkey.com,Female,185.59.190.157
225,Iggie,Saker,isaker68@mashable.com,Male,117.242.71.215
226,Tony,Cressingham,tcressingham69@gov.uk,Male,225.103.65.171
227,Mattias,Whithalgh,mwhithalgh6a@va.gov,Male,194.46.143.191
228,Leda,Leathley,lleathley6b@tmall.com,Female,213.243.114.198
229,Gus,Runge,grunge6c@answers.com,Male,6.186.29.92
230,Celestia,Lanaway,clanaway6d@about.me,Female,94.160.244.42
231,Lavina,Kloisner,lkloisner6e@census.gov,Female,12.201.74.194
232,Garner,Cuddon,gcuddon6f@cdbaby.com,Genderfluid,212.145.147.107
233,Emelen,Joscelyne,ejoscelyne6g@imdb.com,Male,76.83.152.50
234,Northrup,Chubb,nchubb6h@arstechnica.com,Male,207.64.121.164
235,Abel,Rounsivall,arounsivall6i@webs.com,Male,254.120.54.143
236,Hermy,Dutteridge,hdutteridge6j@comcast.net,Male,185.173.45.31
237,Major,Simmons,msimmons6k@businessinsider.com,Male,226.110.167.28
238,Hilliard,Gockeler,hgockeler6l@shareasale.com,Male,245.205.94.191
239,Caren,Roobottom,croobottom6m@canalblog.com,Female,222.59.34.160
240,Judah,Cocozza,jcocozza6n@purevolume.com,Male,224.4.181.157
241,Luca,Matusov,lmatusov6o@soup.io,Male,209.105.131.180
242,Camey,Hanbidge,chanbidge6p@amazon.co.jp,Male,66.149.158.144
243,Valencia,Ruos,vruos6q@ftc.gov,Female,18.70.146.59
244,Olympe,Hastewell,ohastewell6r@hud.gov,Female,27.152.229.206
245,Fayette,Apthorpe,fapthorpe6s@mail.ru,Female,45.51.196.185
246,Rheba,Benardet,rbenardet6t@yelp.com,Female,135.162.77.251
247,Chryste,Lamacraft,clamacraft6u@theglobeandmail.com,Polygender,20.84.185.155
248,Veronika,Matthewman,vmatthewman6v@wp.com,Genderfluid,130.173.124.38
249,Terrell,Roberds,troberds6w@omniture.com,Male,49.204.66.112
250,Yevette,Sallery,ysallery6x@timesonline.co.uk,Female,164.169.40.221
251,Andeee,Gallard,agallard6y@nsw.gov.au,Female,205.26.20.193
252,Juliann,Vine,jvine6z@indiegogo.com,Female,132.83.147.179
253,Susanna,Harvatt,sharvatt70@npr.org,Female,195.104.14.235
254,Margaretha,Chetwin,mchetwin71@examiner.com,Female,84.164.120.175
255,Halli,Trousdell,htrousdell72@blinklist.com,Female,90.90.29.21
256,Des,Higgen,dhiggen73@opera.com,Male,189.124.190.141
257,Pieter,Weekland,pweekland74@cafepress.com,Male,125.223.196.55
258,Corrie,Hufton,chufton75@imgur.com,Male,116.236.107.187
259,Tessy,Bootman,tbootman76@boston.com,Polygender,36.21.124.254
260,Dyann,Bulman,dbulman77@digg.com,Female,207.35.188.31
261,Gordy,Howroyd,ghowroyd78@nsw.gov.au,Male,72.211.226.50
262,Broddy,Grabiec,bgrabiec79@quantcast.com,Male,223.85.25.95
263,Nickie,Oseland,noseland7a@businesswire.com,Female,84.226.52.214
264,Matthias,Stepney,mstepney7b@usnews.com,Male,67.117.73.252
265,Elizabet,Wildin,ewildin7c@youtube.com,Female,177.93.139.171
266,Alfreda,Gallichan,agallichan7d@ezinearticles.com,Genderqueer,98.13.74.139
267,Kally,Flintiff,kflintiff7e@yale.edu,Female,199.174.215.10
268,Erma,Douce,edouce7f@who.int,Female,49.159.55.13
269,Bambie,Haighton,bhaighton7g@nationalgeographic.com,Female,5.244.203.90
270,Vidovic,Lampert,vlampert7h@yolasite.com,Male,75.108.248.105
271,Emerson,Veque,eveque7i@fotki.com,Male,170.143.123.204
272,Ardys,Twigg,atwigg7j@forbes.com,Female,215.72.222.126
273,Cassi,Ivashkov,civashkov7k@mysql.com,Female,213.162.210.185
274,Mart,Rookledge,mrookledge7l@omniture.com,Male,57.119.182.156
275,Alford,Robbe,arobbe7m@china.com.cn,Male,255.146.169.132
276,Ade,Swiffen,aswiffen7n@psu.edu,Male,58.84.112.124
277,Ellissa,Kellog,ekellog7o@nba.com,Polygender,5.116.89.149
278,Carmelita,Hellin,chellin7p@cocolog-nifty.com,Female,50.37.7.153
279,Garrek,Djuricic,gdjuricic7q@soup.io,Male,111.227.208.8
280,Jaymie,Bonass,jbonass7r@instagram.com,Male,102.122.104.143
281,Xavier,Bellson,xbellson7s@aboutads.info,Male,178.42.20.222
282,Joly,Swynfen,jswynfen7t@nytimes.com,Female,233.246.168.46
283,Kristan,Causer,kcauser7u@shinystat.com,Female,163.230.70.142
284,Malvina,Ing,ming7v@wix.com,Female,34.32.227.204
285,Matias,Magor,mmagor7w@comsenz.com,Male,116.36.149.178
286,Pooh,Vidyapin,pvidyapin7x@nhs.uk,Male,114.224.113.105
287,Minne,Podmore,mpodmore7y@gnu.org,Female,205.73.213.225
288,Pascal,Stockney,pstockney7z@techcrunch.com,Male,4.71.212.61
289,Bennie,Snewin,bsnewin80@statcounter.com,Male,133.231.53.122
290,Gabriela,Widmoor,gwidmoor81@nba.com,Female,159.125.137.244
291,Cristy,Darthe,cdarthe82@soup.io,Female,59.133.191.41
292,Alfy,Carwardine,acarwardine83@slideshare.net,Male,149.141.206.39
293,Gaynor,Coffelt,gcoffelt84@desdev.cn,Polygender,248.11.229.39
294,Rafferty,Feldmann,rfeldmann85@seesaa.net,Male,100.90.20.224
295,Fawnia,Hearty,fhearty86@netlog.com,Female,15.128.34.45
296,Noella,Stickney,nstickney87@gmpg.org,Female,139.253.170.199
297,Basia,Woodruffe,bwoodruffe88@stanford.edu,Female,98.111.96.156
298,Pablo,Strange,pstrange89@economist.com,Male,223.66.246.29
299,Kaspar,Lidstone,klidstone8a@parallels.com,Non-binary,56.74.135.241
300,Selig,Marcu,smarcu8b@wikipedia.org,Genderfluid,199.30.74.234
301,Alberto,Minucci,aminucci8c@answers.com,Male,59.160.11.61
302,Nickie,Sargent,nsargent8d@51.la,Female,200.138.159.229
303,Merrilee,Shergold,mshergold8e@toplist.cz,Female,244.74.84.64
304,Henry,Seide,hseide8f@linkedin.com,Male,121.66.24.51
305,Stephani,Langlands,slanglands8g@bloomberg.com,Female,188.60.197.161
306,Jermayne,Skeleton,jskeleton8h@wufoo.com,Male,7.117.123.15
307,Jerry,McKea,jmckea8i@springer.com,Genderfluid,218.230.65.247
308,Shae,Rittmeier,srittmeier8j@cloudflare.com,Male,157.31.181.103
309,Renie,Tirkin,rtirkin8k@xinhuanet.com,Female,119.206.221.95
310,Nolie,Still,nstill8l@4shared.com,Female,91.141.182.251
311,Channa,Ingles,cingles8m@mit.edu,Female,234.27.18.190
312,Grant,Lusk,glusk8n@github.io,Male,91.104.85.138
313,Malissia,Hofton,mhofton8o@meetup.com,Genderqueer,109.178.196.61
314,Demetris,Longstreet,dlongstreet8p@bizjournals.com,Female,127.221.177.99
315,Keven,MacGuiness,kmacguiness8q@discuz.net,Male,193.165.86.60
316,Mackenzie,Gudgin,mgudgin8r@youtube.com,Male,25.186.0.62
317,Brande,Woolsey,bwoolsey8s@buzzfeed.com,Female,32.168.232.213
318,Krishna,Van Arsdale,kvanarsdale8t@blinklist.com,Male,210.136.191.226
319,Michell,Andrysiak,mandrysiak8u@epa.gov,Female,48.195.78.248
320,Cesare,Rosetti,crosetti8v@webmd.com,Male,201.251.98.93
321,Sascha,Tinman,stinman8w@samsung.com,Female,173.154.176.210
322,Gabriella,Sperski,gsperski8x@tmall.com,Non-binary,172.4.167.98
323,Krystalle,Delap,kdelap8y@bbb.org,Female,101.230.248.233
324,Chelsae,Delaprelle,cdelaprelle8z@dagondesign.com,Female,181.147.179.172
325,Aubrey,Clandillon,aclandillon90@photobucket.com,Male,46.66.237.205
326,Markos,Duck,mduck91@senate.gov,Genderfluid,102.166.117.187
327,Barney,Attiwill,battiwill92@forbes.com,Male,39.100.172.125
328,Mohandis,Dulanty,mdulanty93@vistaprint.com,Genderqueer,178.38.94.130
329,Coleman,Lusted,clusted94@statcounter.com,Male,9.239.153.37
330,Pall,Huxley,phuxley95@usatoday.com,Polygender,37.134.64.42
331,Tomas,Peart,tpeart96@chicagotribune.com,Male,12.209.208.5
332,Aurilia,Robker,arobker97@theguardian.com,Female,182.227.122.251
333,Aland,Bezley,abezley98@disqus.com,Male,158.125.72.221
334,Tamarah,Goldhawk,tgoldhawk99@diigo.com,Female,178.61.238.191
335,Uri,Garr,ugarr9a@tinyurl.com,Male,88.34.235.86
336,Ase,Pirouet,apirouet9b@usatoday.com,Male,29.113.211.183
337,Terencio,Emtage,temtage9c@clickbank.net,Male,252.104.219.48
338,Sherilyn,Maron,smaron9d@dion.ne.jp,Female,163.239.96.51
339,Scot,Corbishley,scorbishley9e@sourceforge.net,Male,162.183.149.94
340,Horatia,Briscoe,hbriscoe9f@walmart.com,Female,122.130.193.178
341,Vinni,Hairsnape,vhairsnape9g@163.com,Female,119.233.81.210
342,Xena,Doog,xdoog9h@flickr.com,Female,70.63.132.64
343,Ralina,Bruinsma,rbruinsma9i@netlog.com,Female,14.112.30.7
344,Dare,Broster,dbroster9j@cafepress.com,Male,64.255.95.37
345,Diarmid,Boutellier,dboutellier9k@ebay.co.uk,Male,24.16.251.49
346,Orelee,Beahan,obeahan9l@utexas.edu,Female,232.64.234.255
347,Gibb,Maruska,gmaruska9m@fotki.com,Male,171.149.117.231
348,Duffie,Musslewhite,dmusslewhite9n@vistaprint.com,Male,233.206.164.122
349,Batholomew,Colam,bcolam9o@mozilla.com,Male,172.126.171.217
350,Ros,Dunlop,rdunlop9p@shutterfly.com,Female,98.79.190.126
351,Kelly,Beels,kbeels9q@scribd.com,Male,185.243.118.20
352,Janet,Plenderleith,jplenderleith9r@mit.edu,Female,105.194.22.42
353,Nora,L'Hommeau,nlhommeau9s@wix.com,Female,222.110.93.8
354,Ashlin,Dumingo,adumingo9t@icq.com,Male,205.52.233.155
355,Devlen,Simmings,dsimmings9u@latimes.com,Male,143.230.53.189
356,Franz,Swalowe,fswalowe9v@ucoz.ru,Male,115.129.204.24
357,Willamina,Clifford,wclifford9w@xing.com,Agender,131.113.247.199
358,Linus,Compton,lcompton9x@nymag.com,Male,253.29.164.94
359,Powell,Jencken,pjencken9y@github.com,Male,166.57.94.128
360,Jennica,Baxandall,jbaxandall9z@last.fm,Female,184.65.85.18
361,Marena,Pfiffer,mpfiffera0@mtv.com,Female,119.84.72.217
362,Brod,Craig,bcraiga1@fotki.com,Polygender,105.45.188.35
363,Alec,Doore,adoorea2@photobucket.com,Male,216.103.28.73
364,Bailey,Stearley,bstearleya3@shinystat.com,Male,55.0.30.12
365,Colleen,Stickins,cstickinsa4@creativecommons.org,Genderqueer,21.60.217.18
366,Hanson,McLeese,hmcleesea5@dot.gov,Male,196.114.87.31
367,Herb,Laurenceau,hlaurenceaua6@godaddy.com,Male,254.79.147.106
368,Joscelin,Philpotts,jphilpottsa7@taobao.com,Non-binary,234.127.130.110
369,Efren,Knatt,eknatta8@so-net.ne.jp,Agender,83.29.174.79
370,Ernestine,Walczynski,ewalczynskia9@squarespace.com,Female,74.87.171.11
371,Rebecca,Cosh,rcoshaa@smugmug.com,Female,178.183.31.220
372,Inessa,Collington,icollingtonab@mapquest.com,Female,21.22.147.180
373,Heywood,Patriche,hpatricheac@lycos.com,Male,180.182.156.241
374,Freeland,Donnell,fdonnellad@angelfire.com,Male,100.123.81.45
375,Cornie,Hegg,cheggae@pinterest.com,Genderqueer,190.191.138.101
376,Skipton,Dunham,sdunhamaf@blogspot.com,Male,79.200.114.72
377,Clem,Billows,cbillowsag@cisco.com,Male,252.61.59.175
378,Jeanne,Nasey,jnaseyah@ucoz.com,Bigender,212.190.34.188
379,Conrade,Cherm,cchermai@merriam-webster.com,Male,69.12.73.156
380,Meryl,Dikelin,mdikelinaj@liveinternet.ru,Female,134.253.255.97
381,Ebeneser,Nieass,enieassak@aol.com,Male,206.40.120.110
382,Mandel,Beatey,mbeateyal@rambler.ru,Male,20.27.161.3
383,Carroll,Urrey,curreyam@ning.com,Male,233.117.3.41
384,Karilynn,Gleadle,kgleadlean@aboutads.info,Female,124.171.20.238
385,Estel,Hanner,ehannerao@yellowbook.com,Female,64.164.86.157
386,Diane-marie,Spinke,dspinkeap@eepurl.com,Bigender,206.151.169.121
387,Debor,Quinnelly,dquinnellyaq@google.it,Female,240.129.228.49
388,Ashien,Favey,afaveyar@youku.com,Female,115.252.97.1
389,Arny,Howels,ahowelsas@networksolutions.com,Male,83.66.80.222
390,Devland,Mettrick,dmettrickat@youtube.com,Male,105.255.109.33
391,Ernestine,Andresen,eandresenau@hexun.com,Female,199.26.130.69
392,Rheba,Backhurst,rbackhurstav@time.com,Female,71.151.165.65
393,Felizio,Watmore,fwatmoreaw@typepad.com,Male,249.118.131.106
394,Con,Sanja,csanjaax@epa.gov,Female,5.59.141.28
395,Darlene,Pieche,dpiecheay@sitemeter.com,Female,162.26.78.187
396,Bev,McAlarney,bmcalarneyaz@newsvine.com,Female,103.243.206.15
397,Pat,Swinnard,pswinnardb0@accuweather.com,Female,80.243.194.187
398,Retha,Telega,rtelegab1@etsy.com,Female,96.128.132.214
399,Tyler,Youles,tyoulesb2@newyorker.com,Male,167.22.42.139
400,Flemming,Olivas,folivasb3@cpanel.net,Male,253.230.18.78
401,Patric,Birdall,pbirdallb4@wikia.com,Male,110.226.90.180
402,Kimberli,Minithorpe,kminithorpeb5@yelp.com,Bigender,187.102.57.241
403,Land,Dacks,ldacksb6@posterous.com,Male,0.170.152.4
404,Lulu,Oxlade,loxladeb7@reference.com,Female,34.110.45.83
405,Robina,Twopenny,rtwopennyb8@harvard.edu,Female,189.146.235.58
406,Vasilis,Leyson,vleysonb9@moonfruit.com,Male,182.17.25.49
407,Vivianna,Mabbs,vmabbsba@elpais.com,Female,111.82.57.89
408,Marve,Yekel,myekelbb@archive.org,Male,185.0.76.35
409,Pennie,Cornuau,pcornuaubc@meetup.com,Female,184.253.56.46
410,Aubrey,Dougherty,adoughertybd@cdbaby.com,Male,161.48.196.9
411,Faunie,Goadsby,fgoadsbybe@friendfeed.com,Non-binary,255.245.175.78
412,Efren,Mains,emainsbf@wikia.com,Male,197.189.39.61
413,Emmett,Mansel,emanselbg@cargocollective.com,Male,96.29.181.45
414,Hollis,Ludlem,hludlembh@ycombinator.com,Male,209.79.62.6
415,Trula,Gumb,tgumbbi@elegantthemes.com,Female,243.204.244.21
416,Deonne,Parker,dparkerbj@simplemachines.org,Agender,73.70.65.221
417,Krysta,Tallent,ktallentbk@wikipedia.org,Female,50.90.232.127
418,Raff,Guyver,rguyverbl@homestead.com,Male,46.149.27.218
419,Carilyn,Hayer,chayerbm@amazon.co.jp,Polygender,90.184.209.121
420,Ralph,Fancy,rfancybn@xing.com,Male,92.131.65.226
421,Llywellyn,Carver,lcarverbo@globo.com,Male,228.23.191.187
422,Kalle,Chellenham,kchellenhambp@instagram.com,Male,221.139.219.170
423,Kerwin,Fearney,kfearneybq@xing.com,Male,235.243.145.46
424,Clemmie,Quadling,cquadlingbr@unicef.org,Non-binary,219.213.204.117
425,Bennie,Latham,blathambs@prweb.com,Male,102.242.47.36
426,Farlay,Wheelhouse,fwheelhousebt@nationalgeographic.com,Male,120.125.37.24
427,Sallyann,Jovey,sjoveybu@jimdo.com,Female,158.85.66.226
428,Meris,McInnerny,mmcinnernybv@plala.or.jp,Female,33.225.161.171
429,Ollie,Schwier,oschwierbw@csmonitor.com,Genderfluid,220.1.132.229
430,Marcelline,Brea,mbreabx@newyorker.com,Non-binary,106.63.21.79
431,Tersina,Wilhelmy,twilhelmyby@sourceforge.net,Female,31.22.120.123
432,Jesus,Meenan,jmeenanbz@ning.com,Male,221.147.132.194
433,Milli,Vasyutichev,mvasyutichevc0@goo.ne.jp,Female,114.214.67.75
434,Jaime,Wayt,jwaytc1@booking.com,Female,4.156.46.53
435,Gonzalo,Lidden,gliddenc2@ifeng.com,Male,67.45.3.134
436,Jakob,Hosier,jhosierc3@bigcartel.com,Male,127.179.208.141
437,Vidovik,Clarke,vclarkec4@cocolog-nifty.com,Male,58.142.202.200
438,Juditha,Dillingston,jdillingstonc5@quantcast.com,Female,112.145.225.147
439,Obie,McReidy,omcreidyc6@house.gov,Male,27.203.64.243
440,Angel,Petyakov,apetyakovc7@cafepress.com,Male,35.236.100.72
441,Ardene,Duiguid,aduiguidc8@squarespace.com,Female,199.98.38.100
442,Giacinta,Colliar,gcolliarc9@mapy.cz,Female,147.92.133.2
443,Bertha,Caddie,bcaddieca@google.es,Female,58.124.246.106
444,Hertha,Fanthome,hfanthomecb@angelfire.com,Female,33.5.191.205
445,Abey,Sharply,asharplycc@unc.edu,Male,114.233.181.229
446,Boniface,Borrow,bborrowcd@com.com,Male,243.243.238.88
447,Bennie,Goldsberry,bgoldsberryce@comcast.net,Female,74.246.100.25
448,Holt,Wrefford,hwreffordcf@blinklist.com,Male,177.199.40.13
449,Eldridge,Ferretti,eferretticg@live.com,Bigender,114.95.73.237
450,Michael,Wallman,mwallmanch@exblog.jp,Male,209.99.30.247
451,Delila,Deeny,ddeenyci@ucsd.edu,Female,143.5.202.251
452,Noellyn,Bohlens,nbohlenscj@oakley.com,Female,213.247.245.166
453,Haily,Chedzoy,hchedzoyck@unc.edu,Male,71.57.27.79
454,Lora,Peter,lpetercl@elpais.com,Female,46.26.108.139
455,Trace,McGucken,tmcguckencm@dyndns.org,Male,77.94.242.191
456,Carrissa,Holdey,choldeycn@flickr.com,Female,182.243.46.129
457,Josefa,Roelofs,jroelofsco@a8.net,Female,78.72.112.12
458,Tripp,Kemery,tkemerycp@indiegogo.com,Male,235.63.180.205
459,Kimberlee,Wadie,kwadiecq@ycombinator.com,Female,243.44.226.38
460,Isac,Branson,ibransoncr@vistaprint.com,Male,168.176.204.230
461,Enos,Berrane,eberranecs@cornell.edu,Male,52.44.148.5
462,Carroll,Keune,ckeunect@reference.com,Male,122.79.124.64
463,Barnebas,Baldack,bbaldackcu@hatena.ne.jp,Polygender,30.249.153.126
464,Wainwright,O'Cahey,wocaheycv@google.ca,Male,14.54.149.68
465,Helsa,Bamlett,hbamlettcw@sun.com,Female,159.151.169.116
466,Booth,Luther,bluthercx@prnewswire.com,Male,171.13.251.38
467,Hugues,Dyter,hdytercy@canalblog.com,Male,16.93.73.119
468,Maryl,Elliston,mellistoncz@blog.com,Female,155.85.80.163
469,Casey,Ogley,cogleyd0@facebook.com,Polygender,187.75.173.77
470,Von,Chamberlin,vchamberlind1@quantcast.com,Male,53.187.203.148
471,Flory,Tibbotts,ftibbottsd2@twitpic.com,Male,235.220.189.54
472,Christi,Duester,cduesterd3@zimbio.com,Female,208.147.218.173
473,Vincenz,Rendle,vrendled4@360.cn,Male,10.225.49.32
474,Diego,Tims,dtimsd5@hud.gov,Male,69.31.71.0
475,Odell,Iorizzi,oiorizzid6@arstechnica.com,Agender,230.194.212.119
476,Julia,Crystal,jcrystald7@shinystat.com,Agender,99.241.235.80
477,Daren,Izakov,dizakovd8@oaic.gov.au,Male,6.136.36.137
478,Elizabet,Lecordier,elecordierd9@issuu.com,Female,176.69.88.31
479,Nobe,Bowdon,nbowdonda@google.com.hk,Agender,153.31.66.15
480,Jeana,Newman,jnewmandb@sbwire.com,Non-binary,144.1.10.169
481,Donia,Lynnitt,dlynnittdc@dedecms.com,Female,255.130.237.74
482,Venus,Georgot,vgeorgotdd@1und1.de,Female,15.157.138.247
483,Pegeen,Gillopp,pgilloppde@ed.gov,Female,5.142.71.232
484,Bjorn,Daborne,bdabornedf@jugem.jp,Male,242.148.228.54
485,Aurore,Hould,ahoulddg@disqus.com,Female,242.247.229.148
486,Frankie,Berns,fbernsdh@scientificamerican.com,Female,41.69.42.20
487,Rachele,Godsal,rgodsaldi@nps.gov,Female,87.205.145.24
488,Diannne,Kabisch,dkabischdj@yale.edu,Female,96.98.15.55
489,Mar,Lidden,mliddendk@ucsd.edu,Male,91.162.227.55
490,Asa,Deboo,adeboodl@unc.edu,Male,15.133.1.9
491,Staford,Robinet,srobinetdm@dailymotion.com,Male,111.236.83.251
492,Laura,Radborn,lradborndn@spiegel.de,Female,106.207.18.188
493,Abba,Lumox,alumoxdo@biblegateway.com,Male,16.78.235.101
494,Clara,Mussalli,cmussallidp@google.cn,Female,160.110.140.225
495,Benn,Lope,blopedq@xinhuanet.com,Male,35.190.38.111
496,Ariana,Howsego,ahowsegodr@sfgate.com,Female,30.29.88.178
497,Foss,Bircher,fbircherds@deliciousdays.com,Agender,180.159.149.167
498,Edita,McGraith,emcgraithdt@baidu.com,Female,229.100.59.9
499,Jamison,Lepere,jleperedu@shutterfly.com,Bigender,231.101.131.127
500,Tana,Beament,tbeamentdv@angelfire.com,Female,226.217.239.49
501,Lowell,Dannel,ldanneldw@ovh.net,Male,133.203.26.94
502,Olivette,Forsbey,oforsbeydx@scribd.com,Female,92.83.25.1
503,Bob,Confort,bconfortdy@patch.com,Genderfluid,81.142.37.136
504,Cole,MacKibbon,cmackibbondz@usnews.com,Male,244.191.196.101
505,Bruis,Valentetti,bvalentettie0@fc2.com,Male,77.243.189.144
506,Bernette,Inkle,binklee1@google.it,Female,61.209.199.231
507,Kristo,Lardeux,klardeuxe2@51.la,Bigender,30.169.90.66
508,Mattie,Pacquet,mpacquete3@vinaora.com,Male,104.152.236.188
509,Alana,Courtenay,acourtenaye4@privacy.gov.au,Female,71.209.64.163
510,Bonnibelle,Ricardot,bricardote5@zimbio.com,Female,187.98.214.221
511,Nananne,Tranmer,ntranmere6@technorati.com,Female,74.3.250.127
512,Otis,Garken,ogarkene7@yellowbook.com,Male,251.222.32.228
513,Coretta,Stain,cstaine8@tripod.com,Agender,121.7.59.143
514,Paddie,Byforth,pbyforthe9@cnbc.com,Male,89.99.187.83
515,Sherrie,Orniz,sornizea@hibu.com,Female,169.157.215.177
516,Dyna,Hamblen,dhambleneb@kickstarter.com,Female,166.156.35.232
517,Jay,Prince,jprinceec@si.edu,Male,141.189.171.151
518,Babita,Spurriar,bspurriared@arizona.edu,Female,80.161.89.196
519,Bethany,Vanderson,bvandersonee@cdbaby.com,Female,222.184.246.8
520,Sheppard,Mungan,smunganef@ucla.edu,Male,222.78.251.114
521,Mariellen,Manon,mmanoneg@histats.com,Female,16.158.160.46
522,Rosamond,Tootin,rtootineh@fda.gov,Female,174.134.114.174
523,Robinette,Shivell,rshivellei@over-blog.com,Female,55.141.73.20
524,Granger,Greenroyd,ggreenroydej@fda.gov,Male,156.168.214.52
525,Barbette,Zotto,bzottoek@mediafire.com,Non-binary,165.96.157.245
526,Wendeline,Cardoo,wcardooel@shareasale.com,Female,209.132.12.194
527,Sonnie,Pieterick,spieterickem@icq.com,Polygender,202.37.69.176
528,Kellen,Longmead,klongmeaden@360.cn,Female,21.108.56.184
529,Martino,Colliver,mcollivereo@java.com,Male,144.206.251.93
530,Rupert,Redrup,rredrupep@facebook.com,Male,202.4.37.27
531,Salem,Sauter,ssautereq@nbcnews.com,Male,40.29.105.164
532,Emyle,Harburtson,eharburtsoner@sciencedaily.com,Female,32.77.246.98
533,Connor,Hovert,chovertes@furl.net,Male,111.214.189.27
534,Shalna,Dongate,sdongateet@gravatar.com,Female,200.16.209.155
535,Lilias,Laroux,llarouxeu@spotify.com,Female,57.188.221.214
536,Bay,Lemonby,blemonbyev@phpbb.com,Male,170.183.145.210
537,Bianka,Grafhom,bgrafhomew@pcworld.com,Female,47.240.30.62
538,Dicky,Cescoti,dcescotiex@linkedin.com,Male,24.242.110.198
539,Willow,Larkings,wlarkingsey@rambler.ru,Female,19.107.192.27
540,Finlay,Moreing,fmoreingez@umich.edu,Male,251.179.6.228
541,Grenville,Sutheran,gsutheranf0@myspace.com,Agender,243.55.130.35
542,Belvia,Windebank,bwindebankf1@apple.com,Female,244.122.239.85
543,Candace,Cater,ccaterf2@merriam-webster.com,Female,233.214.93.255
544,Elsi,Pietron,epietronf3@printfriendly.com,Female,241.230.126.61
545,Korney,Bromige,kbromigef4@wordpress.org,Bigender,38.131.43.133
546,Rachel,Simon,rsimonf5@mlb.com,Female,235.179.249.143
547,Iggy,Derkes,iderkesf6@ox.ac.uk,Male,255.215.186.125
548,Alisun,Hirth,ahirthf7@diigo.com,Female,38.153.158.55
549,Al,Spurret,aspurretf8@deliciousdays.com,Male,192.184.117.57
550,Sheffie,Beden,sbedenf9@sbwire.com,Genderfluid,171.182.153.199
551,Phylis,Daice,pdaicefa@upenn.edu,Female,162.96.191.228
552,Hadria,Fenelow,hfenelowfb@altervista.org,Female,90.52.75.48
553,Everard,Conyard,econyardfc@java.com,Male,79.56.85.130
554,Gar,Sicily,gsicilyfd@samsung.com,Male,51.24.80.223
555,Faber,Battye,fbattyefe@washington.edu,Male,69.45.249.218
556,Edithe,Ullock,eullockff@google.nl,Female,232.246.56.25
557,Ainslie,Oswal,aoswalfg@kickstarter.com,Female,149.192.5.149
558,Eveline,McManus,emcmanusfh@ucsd.edu,Female,102.246.133.43
559,Darcy,Wrassell,dwrassellfi@chicagotribune.com,Male,16.17.35.14
560,Mercy,Dell 'Orto,mdellortofj@mapquest.com,Bigender,78.236.81.174
561,Isak,Leathlay,ileathlayfk@yahoo.co.jp,Male,141.156.217.216
562,Gifford,Trevna,gtrevnafl@nps.gov,Male,215.209.236.83
563,Shalne,Fenn,sfennfm@usnews.com,Bigender,229.16.14.58
564,Chev,Shewan,cshewanfn@skyrock.com,Male,58.81.34.189
565,Wanids,Topliss,wtoplissfo@globo.com,Female,99.179.146.223
566,Lindi,Noddles,lnoddlesfp@i2i.jp,Female,171.27.51.213
567,Cal,Goldbourn,cgoldbournfq@hud.gov,Agender,168.209.2.203
568,Carin,Scowcroft,cscowcroftfr@apache.org,Female,191.192.235.103
569,Charlton,Maffioni,cmaffionifs@chron.com,Male,129.222.127.122
570,Shay,Geharke,sgeharkeft@flavors.me,Female,55.251.186.172
571,Rockey,Cowey,rcoweyfu@adobe.com,Male,44.196.210.159
572,Jewell,Rushworth,jrushworthfv@so-net.ne.jp,Female,240.249.6.218
573,Jacynth,Aleksandrov,jaleksandrovfw@umich.edu,Female,115.222.32.163
574,Mona,McIntosh,mmcintoshfx@netvibes.com,Female,129.227.85.72
575,Kylila,Aucourte,kaucourtefy@123-reg.co.uk,Female,2.5.129.173
576,Samantha,Winsiowiecki,swinsiowieckifz@lulu.com,Female,109.40.97.111
577,Obie,Jeyness,ojeynessg0@t.co,Male,44.35.103.189
578,Angel,Tremaine,atremaineg1@weibo.com,Male,70.133.165.74
579,Wainwright,Heare,wheareg2@slate.com,Male,67.174.20.99
580,Ferdy,Lowman,flowmang3@washingtonpost.com,Male,132.158.144.39
581,Jarrod,Perigeaux,jperigeauxg4@mozilla.org,Male,105.197.236.242
582,Rois,Southorn,rsouthorng5@dell.com,Female,123.171.186.83
583,Catherina,Heymann,cheymanng6@google.es,Female,218.97.208.109
584,Gwenette,Billany,gbillanyg7@wikispaces.com,Female,113.37.1.130
585,Javier,Scheffler,jschefflerg8@cnet.com,Male,120.137.188.26
586,Flossy,Arrigo,farrigog9@tripadvisor.com,Agender,82.149.156.83
587,Agnesse,Druett,adruettga@cnet.com,Female,181.31.245.66
588,Rosalinda,Sibbert,rsibbertgb@symantec.com,Female,188.58.74.185
589,Carter,Raulston,craulstongc@about.com,Male,101.132.69.104
590,Ethan,Heaney`,eheaneygd@t-online.de,Male,157.227.144.50
591,Jenelle,Cormack,jcormackge@opera.com,Female,105.13.36.241
592,Catie,Lemon,clemongf@sitemeter.com,Female,148.5.21.71
593,Armin,Bernhard,abernhardgg@illinois.edu,Male,36.5.198.251
594,Rochelle,Chazette,rchazettegh@dailymail.co.uk,Female,63.14.11.127
595,Mathilda,Kohrsen,mkohrsengi@booking.com,Female,63.237.120.157
596,Frazer,Ioannou,fioannougj@uol.com.br,Male,248.2.136.126
597,Clement,Oxley,coxleygk@samsung.com,Male,11.200.11.111
598,Bryna,Bawles,bbawlesgl@blog.com,Female,122.244.96.139
599,Margret,McVicar,mmcvicargm@eepurl.com,Female,1.12.9.115
600,Kris,Brecknell,kbrecknellgn@gov.uk,Male,108.87.167.148
601,Gaye,Laux,glauxgo@goo.gl,Female,148.50.50.59
602,Ephrayim,Jeays,ejeaysgp@blog.com,Male,83.38.114.52
603,Hakim,Antoniottii,hantoniottiigq@springer.com,Male,31.146.215.178
604,Scotty,Bray,sbraygr@boston.com,Male,61.125.68.31
605,Augusta,Dax,adaxgs@amazonaws.com,Agender,196.174.85.40
606,Seth,Campion,scampiongt@multiply.com,Male,114.95.52.179
607,Tyne,Persich,tpersichgu@delicious.com,Female,162.12.132.81
608,Wald,Delgua,wdelguagv@mapquest.com,Male,52.209.150.203
609,Waneta,Rodder,wroddergw@goo.gl,Female,126.132.171.107
610,Desi,Boot,dbootgx@wix.com,Male,117.205.254.248
611,Jecho,Delgua,jdelguagy@cnet.com,Male,54.16.202.209
612,Stefano,Barnhill,sbarnhillgz@sun.com,Male,184.208.203.129
613,Kimble,Villaron,kvillaronh0@wix.com,Male,214.137.249.250
614,Patric,Sherrard,psherrardh1@narod.ru,Male,100.2.140.93
615,Dennie,Trevallion,dtrevallionh2@shop-pro.jp,Female,196.14.34.115
616,Nicol,Satyford,nsatyfordh3@usa.gov,Male,91.149.114.242
617,Peria,Veschambes,pveschambesh4@cyberchimps.com,Female,254.190.103.224
618,Wanids,Martill,wmartillh5@geocities.com,Female,48.81.166.252
619,Edgardo,Mellhuish,emellhuishh6@umich.edu,Male,142.55.102.155
620,Farlee,Brislan,fbrislanh7@google.co.uk,Male,54.80.106.201
621,Bernardine,Valentetti,bvalentettih8@webmd.com,Female,32.16.43.53
622,Rudyard,Powley,rpowleyh9@unc.edu,Male,95.58.91.200
623,Arnold,Maleck,amaleckha@oracle.com,Male,80.132.177.255
624,Charlena,Lashbrook,clashbrookhb@berkeley.edu,Non-binary,180.63.2.144
625,Dulce,Kirstein,dkirsteinhc@samsung.com,Female,240.252.88.161
626,Garrett,Clement,gclementhd@oaic.gov.au,Male,65.62.249.65
627,Ware,Tabert,wtaberthe@sphinn.com,Male,55.145.65.109
628,Lutero,Bertolaccini,lbertolaccinihf@macromedia.com,Male,61.141.123.91
629,Townie,Neild,tneildhg@yahoo.co.jp,Genderqueer,41.105.121.215
630,Halie,O'Malley,homalleyhh@delicious.com,Female,245.231.228.141
631,Karry,Cookman,kcookmanhi@accuweather.com,Female,204.3.210.201
632,Joell,Schruur,jschruurhj@cbc.ca,Female,68.219.120.52
633,Johan,Emmines,jemmineshk@wp.com,Male,80.159.177.52
634,Field,Theurer,ftheurerhl@wunderground.com,Male,70.30.235.24
635,Noelle,Borg,nborghm@walmart.com,Genderqueer,179.24.129.159
636,Veronike,Huet,vhuethn@posterous.com,Female,206.17.39.58
637,Philomena,Atcherley,patcherleyho@deliciousdays.com,Genderfluid,202.85.202.168
638,Laure,Sawdy,lsawdyhp@hatena.ne.jp,Female,33.222.150.32
639,Valentino,Ashness,vashnesshq@amazonaws.com,Male,226.109.224.31
640,Myrlene,Culver,mculverhr@hp.com,Female,54.104.149.199
641,Stillman,Grimditch,sgrimditchhs@theguardian.com,Male,141.21.241.249
642,Marlon,Iwanowski,miwanowskiht@umn.edu,Male,177.212.137.231
643,Donnajean,Kenset,dkensethu@webeden.co.uk,Female,136.16.247.63
644,Nedi,Marr,nmarrhv@skyrock.com,Female,223.45.3.177
645,Roger,Espinal,respinalhw@sfgate.com,Polygender,58.50.183.109
646,Birdie,Menco,bmencohx@ovh.net,Female,124.102.143.21
647,Kirsten,Horche,khorchehy@gizmodo.com,Female,8.71.178.23
648,Edgar,Garett,egaretthz@psu.edu,Bigender,198.17.116.250
649,Else,Phelip,ephelipi0@drupal.org,Female,146.228.80.130
650,Georgianna,Collick,gcollicki1@liveinternet.ru,Genderqueer,244.54.214.196
651,Jillane,Gillions,jgillionsi2@cornell.edu,Female,120.105.71.21
652,Tyrone,Dorn,tdorni3@reverbnation.com,Male,77.255.200.45
653,Onida,Grabert,ograberti4@sphinn.com,Female,174.42.194.164
654,Hyacinthia,Palia,hpaliai5@gov.uk,Female,67.173.251.114
655,Dreddy,Tiptaft,dtiptafti6@sina.com.cn,Female,34.86.190.35
656,Lenci,Seccombe,lseccombei7@gov.uk,Male,98.93.207.233
657,Nicol,Brugden,nbrugdeni8@ebay.com,Male,159.85.32.128
658,Barth,Peerless,bpeerlessi9@seesaa.net,Male,200.171.45.191
659,Carleton,Pauler,cpauleria@comsenz.com,Male,197.196.71.203
660,Iosep,Arlett,iarlettib@e-recht24.de,Male,101.103.199.108
661,Courtney,Hugill,chugillic@nyu.edu,Female,226.9.0.134
662,Ranee,Gumey,rgumeyid@technorati.com,Female,224.179.72.230
663,Gabriel,Haggerstone,ghaggerstoneie@etsy.com,Female,224.78.73.71
664,Alanah,Matthesius,amatthesiusif@cam.ac.uk,Female,54.124.234.206
665,Allyn,Vittle,avittleig@java.com,Female,54.166.175.90
666,Clayson,Taggart,ctaggartih@prweb.com,Male,167.3.200.98
667,Cora,Kilbey,ckilbeyii@irs.gov,Female,131.154.185.121
668,Langsdon,Sweetmore,lsweetmoreij@issuu.com,Non-binary,215.152.35.88
669,Olivero,Vannah,ovannahik@facebook.com,Non-binary,215.182.78.178
670,Hube,O'Kielt,hokieltil@redcross.org,Male,6.15.174.173
671,Fabe,Starkie,fstarkieim@unc.edu,Male,22.136.56.242
672,Theodoric,Dearn,tdearnin@ox.ac.uk,Male,150.1.62.157
673,Libbie,Libero,lliberoio@myspace.com,Female,234.232.160.128
674,Fonzie,Peddowe,fpeddoweip@xrea.com,Male,140.79.246.3
675,Lockwood,Kenforth,lkenforthiq@twitpic.com,Male,149.2.84.176
676,Dino,Titta,dtittair@g.co,Bigender,1.87.216.247
677,Tyrone,Barthelme,tbarthelmeis@furl.net,Male,154.29.47.47
678,Tessy,Glede,tgledeit@wisc.edu,Female,131.24.58.178
679,Paule,Cardno,pcardnoiu@nba.com,Female,180.85.214.122
680,Tony,Corringham,tcorringhamiv@merriam-webster.com,Female,12.13.197.252
681,Becky,Mcwhinnie,bmcwhinnieiw@imageshack.us,Non-binary,227.214.180.47
682,Ramsey,Pocklington,rpocklingtonix@addthis.com,Male,42.83.11.73
683,Siouxie,Willows,swillowsiy@cbslocal.com,Female,144.7.56.133
684,Gerrilee,McCurtin,gmccurtiniz@ox.ac.uk,Female,173.9.186.123
685,Elfie,Dimitrie,edimitriej0@imgur.com,Female,145.179.19.236
686,Felizio,Swafield,fswafieldj1@google.es,Male,53.136.196.31
687,Skylar,Reeme,sreemej2@live.com,Male,127.76.190.202
688,Octavius,Possel,oposselj3@webnode.com,Male,235.30.3.59
689,Siusan,Laise,slaisej4@miibeian.gov.cn,Female,96.96.243.176
690,Junina,Brunel,jbrunelj5@java.com,Female,233.23.191.42
691,Eada,Comoletti,ecomolettij6@pinterest.com,Female,165.139.158.134
692,Aurel,Galley,agalleyj7@ebay.co.uk,Female,210.88.186.103
693,Kelila,Pischof,kpischofj8@woothemes.com,Female,204.16.185.30
694,Ardelis,Dudney,adudneyj9@sina.com.cn,Female,254.112.13.161
695,Baldwin,Castell,bcastellja@ox.ac.uk,Male,83.214.78.86
696,Stillman,Baldrick,sbaldrickjb@yolasite.com,Male,162.73.87.168
697,Jorge,Bastian,jbastianjc@bloglovin.com,Male,33.233.76.233
698,Kris,Prate,kpratejd@arizona.edu,Male,222.237.251.136
699,Ulrica,Bydaway,ubydawayje@studiopress.com,Female,238.193.163.75
700,Frannie,Fandrich,ffandrichjf@yellowpages.com,Female,138.42.169.101
701,Eldin,Zanni,ezannijg@quantcast.com,Male,174.67.160.207
702,Ellsworth,Hornig,ehornigjh@washingtonpost.com,Male,33.181.29.114
703,Warner,Meier,wmeierji@t.co,Polygender,170.206.118.221
704,Tobit,MacKee,tmackeejj@cloudflare.com,Male,247.51.28.210
705,Kennith,Caberas,kcaberasjk@usnews.com,Male,164.12.208.69
706,Wilburt,Glynne,wglynnejl@sohu.com,Male,225.28.3.204
707,Tabina,Batchellor,tbatchellorjm@nbcnews.com,Female,201.49.78.248
708,Michail,Lyngsted,mlyngstedjn@godaddy.com,Male,99.174.58.47
709,Genni,D'Adda,gdaddajo@cornell.edu,Female,206.215.67.86
710,Nicolette,Capaldi,ncapaldijp@icio.us,Female,180.196.140.36
711,Julee,Puttnam,jputtnamjq@hud.gov,Female,251.195.230.153
712,Hayward,McKnockiter,hmcknockiterjr@umich.edu,Male,231.132.75.94
713,Chan,Gaffney,cgaffneyjs@ft.com,Male,28.102.53.6
714,Robinetta,Seemmonds,rseemmondsjt@hp.com,Female,220.201.142.147
715,Tymon,Rabbage,trabbageju@goodreads.com,Male,6.160.198.166
716,Dyan,Danks,ddanksjv@ucoz.com,Female,228.115.56.112
717,Idell,Battams,ibattamsjw@so-net.ne.jp,Female,3.52.117.213
718,Raymond,Spalding,rspaldingjx@geocities.jp,Male,19.250.147.66
719,Bendix,Rockhill,brockhilljy@icio.us,Male,75.168.60.233
720,Harcourt,Stevenson,hstevensonjz@foxnews.com,Polygender,23.202.163.33
721,Hube,Maidment,hmaidmentk0@mayoclinic.com,Male,100.121.90.208
722,Cathryn,Willock,cwillockk1@flickr.com,Female,219.14.250.223
723,Merrill,Caswall,mcaswallk2@mapy.cz,Female,237.123.107.231
724,Alexis,Charville,acharvillek3@surveymonkey.com,Male,52.47.38.254
725,Honor,Kelberman,hkelbermank4@msu.edu,Female,4.120.79.139
726,Claretta,Wilbor,cwilbork5@newyorker.com,Female,85.11.75.77
727,Sunny,Clubb,sclubbk6@psu.edu,Male,6.96.191.29
728,Val,Loving,vlovingk7@ehow.com,Female,44.147.85.0
729,Diannne,Popple,dpopplek8@umn.edu,Female,245.52.145.125
730,Launce,Pfleger,lpflegerk9@house.gov,Male,80.127.96.207
731,Tadio,Beamiss,tbeamisska@flickr.com,Genderfluid,111.21.19.77
732,Nicolette,Sedgwick,nsedgwickkb@ucla.edu,Female,174.95.243.79
733,Felecia,Saich,fsaichkc@woothemes.com,Female,78.206.167.194
734,Killian,Beisley,kbeisleykd@timesonline.co.uk,Genderfluid,234.246.252.65
735,Mommy,Huelin,mhuelinke@exblog.jp,Female,108.226.251.252
736,Corney,Richt,crichtkf@jimdo.com,Male,253.216.74.252
737,Mag,Skates,mskateskg@youtube.com,Female,229.114.61.222
738,Kamilah,Mitkcov,kmitkcovkh@clickbank.net,Female,200.59.255.45
739,Joe,Ebertz,jebertzki@dedecms.com,Male,196.90.99.210
740,Dannie,Camlin,dcamlinkj@howstuffworks.com,Genderfluid,16.156.155.136
741,Dyane,Housam,dhousamkk@cdbaby.com,Female,138.27.177.163
742,Sileas,Ivakhno,sivakhnokl@hexun.com,Genderqueer,251.246.108.100
743,Armin,Piercey,apierceykm@shareasale.com,Male,5.33.72.104
744,Edgardo,Shillan,eshillankn@hibu.com,Male,133.107.161.193
745,Yehudit,Meany,ymeanyko@whitehouse.gov,Male,44.189.225.102
746,Shane,Mearing,smearingkp@usnews.com,Male,9.124.128.165
747,Brandyn,Philippault,bphilippaultkq@skyrock.com,Male,131.11.240.99
748,Vivien,Brinsden,vbrinsdenkr@princeton.edu,Female,128.136.49.82
749,Kassia,Deverille,kdeverilleks@mozilla.org,Genderfluid,230.188.37.20
750,Bink,Volonte,bvolontekt@cornell.edu,Male,219.173.246.159
751,Sandra,McMeanma,smcmeanmaku@seattletimes.com,Female,210.255.44.147
752,Judy,Mapplethorpe,jmapplethorpekv@pinterest.com,Female,164.188.105.254
753,Sayre,Greger,sgregerkw@abc.net.au,Female,175.16.79.59
754,Tess,Breagan,tbreagankx@google.com.hk,Female,6.231.234.185
755,Janeta,Edelheit,jedelheitky@about.com,Female,75.255.158.72
756,Annmaria,Blanket,ablanketkz@networksolutions.com,Female,174.85.190.231
757,Hannie,Driuzzi,hdriuzzil0@studiopress.com,Female,83.23.169.6
758,Katrina,Imort,kimortl1@archive.org,Female,141.46.94.90
759,Cornela,Nitti,cnittil2@cocolog-nifty.com,Female,53.30.123.82
760,Harli,Meineking,hmeinekingl3@fastcompany.com,Female,133.14.61.212
761,Ranique,De Simone,rdesimonel4@harvard.edu,Female,42.216.14.203
762,Griffith,Pidgeley,gpidgeleyl5@chronoengine.com,Male,73.144.170.79
763,Ernest,Dumbrell,edumbrelll6@pcworld.com,Male,235.48.124.197
764,Ingemar,Goodlud,igoodludl7@ow.ly,Male,152.171.22.162
765,Nonah,Keyser,nkeyserl8@netscape.com,Female,88.193.221.181
766,Danyette,Kibbel,dkibbell9@jimdo.com,Female,11.31.84.2
767,Ogdon,Saulter,osaulterla@loc.gov,Male,219.191.120.243
768,Eben,Acreman,eacremanlb@hc360.com,Male,133.41.77.222
769,Dorette,Clipston,dclipstonlc@altervista.org,Female,100.222.61.50
770,Kingsley,Ioselevich,kioselevichld@about.com,Male,178.107.205.40
771,Freeman,Jancic,fjancicle@springer.com,Male,20.137.226.109
772,Farra,Robertshaw,frobertshawlf@xinhuanet.com,Female,188.239.81.110
773,Stephenie,Dufaur,sdufaurlg@phpbb.com,Female,145.165.133.45
774,Derward,Heart,dheartlh@scribd.com,Male,231.30.3.133
775,Doralin,Durn,ddurnli@google.com,Female,57.136.4.186
776,Mattie,Caudwell,mcaudwelllj@pen.io,Female,119.164.153.201
777,Hanan,Snoden,hsnodenlk@accuweather.com,Agender,1.20.84.105
778,Brody,Harrhy,bharrhyll@nba.com,Male,12.63.249.140
779,Tibold,Zorzin,tzorzinlm@un.org,Non-binary,138.20.168.31
780,Oren,Ounsworth,oounsworthln@ustream.tv,Male,223.227.128.98
781,Jammal,Lofting,jloftinglo@hhs.gov,Male,221.131.124.75
782,Codi,Prendergrass,cprendergrasslp@edublogs.org,Female,142.245.86.196
783,Korry,Dunhill,kdunhilllq@php.net,Female,137.151.193.236
784,Fulvia,Ronchi,fronchilr@blog.com,Female,72.4.176.157
785,Hale,Mackin,hmackinls@bluehost.com,Male,254.88.127.36
786,Franni,McWilliam,fmcwilliamlt@netscape.com,Female,149.9.13.0
787,Micki,Meechan,mmeechanlu@google.fr,Female,111.130.40.56
788,Blisse,Fleisch,bfleischlv@goo.ne.jp,Female,58.104.73.51
789,Ambrose,Eldrett,aeldrettlw@upenn.edu,Male,176.20.104.52
790,Galina,Linley,glinleylx@pen.io,Female,91.193.254.69
791,Friedrich,Shew,fshewly@washington.edu,Male,91.176.28.47
792,Salomi,Brownhill,sbrownhilllz@diigo.com,Female,136.155.86.177
793,Tracy,O'Growgane,togrowganem0@sun.com,Female,4.53.160.220
794,Boony,Fulkes,bfulkesm1@cdbaby.com,Male,136.102.173.74
795,Effie,Gobell,egobellm2@phoca.cz,Female,154.248.57.96
796,Vite,Hawker,vhawkerm3@shop-pro.jp,Male,74.111.97.88
797,Collen,Peinton,cpeintonm4@shutterfly.com,Female,33.118.247.71
798,Quintina,Morrill,qmorrillm5@youku.com,Polygender,81.193.187.222
799,Karoly,Venediktov,kvenediktovm6@redcross.org,Female,133.95.130.119
800,Ogden,Cholton,ocholtonm7@hud.gov,Male,206.194.16.141
801,Darren,Do Rosario,ddorosariom8@economist.com,Male,93.34.228.101
802,Celene,Kesteven,ckestevenm9@ftc.gov,Female,202.13.23.45
803,Arleta,Rojas,arojasma@shinystat.com,Female,220.107.186.244
804,Dimitri,Ploughwright,dploughwrightmb@geocities.com,Non-binary,227.12.153.26
805,Virgina,Troubridge,vtroubridgemc@constantcontact.com,Female,69.182.56.195
806,Nichols,Boys,nboysmd@purevolume.com,Non-binary,21.74.215.188
807,Rolland,Rozsa,rrozsame@arstechnica.com,Male,133.28.140.115
808,Ade,Dolden,adoldenmf@biglobe.ne.jp,Male,125.175.126.243
809,Adrian,Haversum,ahaversummg@ehow.com,Bigender,130.32.101.138
810,Wilburt,Brigman,wbrigmanmh@wired.com,Male,88.199.174.23
811,Roanna,Fergyson,rfergysonmi@admin.ch,Female,156.221.182.241
812,Farand,Massingberd,fmassingberdmj@bizjournals.com,Female,203.105.169.64
813,Hilly,Bixley,hbixleymk@unicef.org,Male,132.149.21.214
814,Benedikt,Ryhorovich,bryhorovichml@com.com,Male,10.159.98.45
815,Cristine,Balassi,cbalassimm@homestead.com,Genderqueer,100.181.156.78
816,Friederike,Coleby,fcolebymn@godaddy.com,Female,96.38.55.229
817,Dudley,Creaney,dcreaneymo@noaa.gov,Genderfluid,253.109.223.70
818,Ab,Gornar,agornarmp@bigcartel.com,Male,224.202.155.219
819,Jewell,Wyldbore,jwyldboremq@t.co,Female,230.127.176.178
820,Donetta,Hawyes,dhawyesmr@auda.org.au,Female,251.224.77.195
821,Carmelita,Matuszak,cmatuszakms@wiley.com,Female,93.135.103.178
822,Millisent,Camilli,mcamillimt@phoca.cz,Female,94.225.103.149
823,Lillian,Bridgens,lbridgensmu@google.com.br,Genderqueer,245.32.145.151
824,Mattie,Menezes,mmenezesmv@java.com,Male,104.139.176.19
825,Lavena,Swansbury,lswansburymw@etsy.com,Female,50.184.118.230
826,Caleb,Bernardt,cbernardtmx@google.com.hk,Male,229.199.230.17
827,Seward,Beades,sbeadesmy@jiathis.com,Male,58.113.137.165
828,Eldridge,Pinor,epinormz@fema.gov,Genderfluid,222.252.187.242
829,Eben,Naldrett,enaldrettn0@wsj.com,Male,197.144.18.253
830,Lurline,Tomaini,ltomainin1@mayoclinic.com,Female,102.15.39.247
831,Leroy,Kimbury,lkimburyn2@slashdot.org,Male,147.11.207.207
832,Bren,Berr,bberrn3@plala.or.jp,Male,84.114.220.160
833,Bette-ann,Drew,bdrewn4@wikimedia.org,Female,168.241.3.98
834,Lutero,McCambrois,lmccambroisn5@alexa.com,Male,151.203.133.103
835,Shepperd,Mandrey,smandreyn6@ifeng.com,Male,91.89.40.239
836,Gustavo,Duckitt,gduckittn7@so-net.ne.jp,Bigender,72.205.229.10
837,Barth,Bourhill,bbourhilln8@vistaprint.com,Male,38.5.154.171
838,Sean,Kinsley,skinsleyn9@artisteer.com,Female,12.36.160.107
839,Jaquelin,Willment,jwillmentna@yolasite.com,Female,163.93.178.72
840,Gorden,Laybourn,glaybournnb@altervista.org,Male,124.244.59.124
841,Mathilda,Etheridge,metheridgenc@booking.com,Female,182.23.26.40
842,Tanitansy,Macvey,tmacveynd@ustream.tv,Female,50.222.141.245
843,Florida,Brotherheed,fbrotherheedne@imdb.com,Female,189.162.105.88
844,Galven,Rochelle,grochellenf@amazon.co.jp,Male,246.107.218.167
845,Kennett,Screen,kscreenng@zdnet.com,Male,3.139.225.128
846,Osgood,Lanegran,olanegrannh@arstechnica.com,Male,170.196.179.105
847,Frasco,Albrook,falbrookni@nationalgeographic.com,Male,198.69.172.36
848,Harlen,Kenion,hkenionnj@chron.com,Male,32.32.242.221
849,Rosco,Kevis,rkevisnk@livejournal.com,Male,26.254.128.225
850,Phillis,Bone,pbonenl@goodreads.com,Female,169.100.16.132
851,Rockie,Avard,ravardnm@yahoo.co.jp,Male,27.18.97.182
852,Waldemar,Dovidian,wdovidiannn@zimbio.com,Male,118.241.229.110
853,Nana,Mayne,nmayneno@wisc.edu,Female,142.144.26.186
854,Ailina,Bennen,abennennp@gnu.org,Genderqueer,230.75.86.112
855,Jaye,McAughtrie,jmcaughtrienq@nyu.edu,Male,142.71.151.61
856,Kerianne,Mettetal,kmettetalnr@sohu.com,Female,174.103.21.234
857,Maridel,O'Carroll,mocarrollns@desdev.cn,Female,151.34.17.139
858,Doralynne,Dray,ddraynt@indiatimes.com,Female,11.116.223.147
859,Benny,Delgardillo,bdelgardillonu@linkedin.com,Male,41.116.104.2
860,Amalea,Meadows,ameadowsnv@diigo.com,Female,73.214.133.184
861,Marysa,Klimke,mklimkenw@dion.ne.jp,Female,134.246.81.242
862,Ynez,Starkey,ystarkeynx@symantec.com,Female,121.172.78.237
863,Noelani,Murrhaupt,nmurrhauptny@phpbb.com,Female,131.95.52.6
864,Kathy,Corkhill,kcorkhillnz@drupal.org,Female,180.216.233.12
865,Gamaliel,Copsey,gcopseyo0@businessweek.com,Male,248.131.119.29
866,Margarita,Baxstair,mbaxstairo1@independent.co.uk,Female,127.81.70.233
867,Georgianna,McCallam,gmccallamo2@miibeian.gov.cn,Female,225.57.32.251
868,Beatrisa,Dibsdale,bdibsdaleo3@wufoo.com,Female,239.69.250.234
869,Wilmar,Dooher,wdoohero4@sun.com,Male,54.0.224.2
870,Jobye,Corbitt,jcorbitto5@taobao.com,Female,227.144.128.78
871,Shoshanna,Ovett,sovetto6@cocolog-nifty.com,Female,208.122.133.98
872,Staci,Hatley,shatleyo7@icio.us,Female,73.146.6.210
873,Spense,Sleightholme,ssleightholmeo8@fema.gov,Agender,173.149.86.149
874,Hillyer,Matevushev,hmatevushevo9@symantec.com,Male,199.213.169.78
875,Jameson,Pieters,jpietersoa@guardian.co.uk,Bigender,179.138.254.113
876,Ludovico,Drinkwater,ldrinkwaterob@wordpress.com,Agender,252.245.98.253
877,Osgood,Florez,oflorezoc@biglobe.ne.jp,Male,89.114.209.61
878,Chlo,Crose,ccroseod@hexun.com,Female,113.188.122.88
879,Maynard,Rydings,mrydingsoe@issuu.com,Male,182.100.9.222
880,Florian,Abell,fabellof@engadget.com,Male,140.175.202.62
881,Hally,Cella,hcellaog@gizmodo.com,Genderfluid,5.100.228.211
882,Jefferson,Weddeburn - Scrimgeour,jweddeburnscrimgeouroh@altervista.org,Male,55.97.185.211
883,Brigid,McGiff,bmcgiffoi@fastcompany.com,Female,218.164.127.85
884,Giulia,Bradley,gbradleyoj@ehow.com,Female,70.38.61.2
885,Thelma,Thurstan,tthurstanok@un.org,Non-binary,18.200.63.90
886,Mariska,Gallaway,mgallawayol@indiegogo.com,Female,212.184.209.126
887,Inigo,Heamus,iheamusom@weebly.com,Male,10.93.228.73
888,Ezra,Matokhnin,ematokhninon@abc.net.au,Male,81.90.219.165
889,Babs,Ive,biveoo@washingtonpost.com,Female,107.88.95.160
890,Kienan,Percival,kpercivalop@privacy.gov.au,Male,230.200.158.251
891,Gerianna,Oiller,goilleroq@usda.gov,Female,245.162.146.43
892,Giuseppe,Skone,gskoneor@timesonline.co.uk,Male,114.93.133.116
893,Josias,Kellogg,jkelloggos@cam.ac.uk,Male,59.160.223.130
894,Hersch,Ezzle,hezzleot@reuters.com,Male,64.194.223.225
895,Cassey,Muncer,cmuncerou@un.org,Female,213.176.179.225
896,Kristin,Gowdy,kgowdyov@symantec.com,Female,201.44.12.213
897,Hallsy,Antognetti,hantognettiow@usa.gov,Male,73.2.86.36
898,Skyler,Seebright,sseebrightox@addthis.com,Male,160.217.82.16
899,Clim,Pykerman,cpykermanoy@webnode.com,Male,83.200.25.42
900,Esther,Prangle,eprangleoz@ow.ly,Female,144.232.195.15
901,Dru,Cusiter,dcusiterp0@nih.gov,Female,23.242.186.225
902,Anthia,Hedingham,ahedinghamp1@statcounter.com,Female,6.44.131.189
903,Winthrop,Janaszkiewicz,wjanaszkiewiczp2@jiathis.com,Non-binary,105.72.32.206
904,Clarabelle,Merle,cmerlep3@twitpic.com,Agender,125.171.195.35
905,Elliot,Noe,enoep4@dedecms.com,Male,145.16.136.105
906,Roddie,Hudspith,rhudspithp5@jimdo.com,Male,131.46.178.45
907,Brandyn,Pre,bprep6@chron.com,Male,10.190.26.86
908,Cloe,Husby,chusbyp7@prnewswire.com,Bigender,242.194.189.182
909,Marie,Foxton,mfoxtonp8@dailymotion.com,Female,91.159.110.180
910,Karoly,Dash,kdashp9@wordpress.com,Genderfluid,242.102.208.125
911,Nola,Vogl,nvoglpa@ebay.co.uk,Genderfluid,57.179.24.72
912,Gardener,Melwall,gmelwallpb@histats.com,Male,247.63.24.6
913,Sebastian,Hand,shandpc@usa.gov,Male,192.123.186.35
914,Lemmy,Johnston,ljohnstonpd@google.pl,Male,149.63.246.134
915,Vivienne,Peirazzi,vpeirazzipe@sourceforge.net,Female,172.178.189.38
916,Rossy,Wane,rwanepf@discuz.net,Male,126.147.118.11
917,Daloris,Thunnercliff,dthunnercliffpg@google.com.hk,Female,116.28.15.115
918,Glynn,Lauritzen,glauritzenph@livejournal.com,Male,41.59.247.165
919,Amelie,Hogbin,ahogbinpi@lycos.com,Female,209.30.181.176
920,Alaric,Jirka,ajirkapj@webs.com,Male,220.122.248.135
921,Lory,Huckin,lhuckinpk@wunderground.com,Female,192.164.183.8
922,Darbie,Fellona,dfellonapl@typepad.com,Female,242.23.144.206
923,Zebulen,Edel,zedelpm@booking.com,Male,130.125.198.133
924,Lane,Bentall,lbentallpn@microsoft.com,Agender,170.149.29.95
925,Evey,Wennington,ewenningtonpo@businessinsider.com,Female,68.190.75.100
926,Thorn,Kalinke,tkalinkepp@examiner.com,Male,104.38.48.94
927,Giles,Currall,gcurrallpq@usatoday.com,Male,144.172.185.28
928,Dorry,Espie,despiepr@utexas.edu,Female,183.146.100.58
929,Brianne,Slatford,bslatfordps@fema.gov,Female,231.149.92.126
930,Tallie,Waple,twaplept@ca.gov,Female,213.62.88.62
931,Jaye,Samet,jsametpu@bbb.org,Male,233.83.245.205
932,Ardene,Cortin,acortinpv@state.tx.us,Polygender,235.26.197.67
933,Lyda,Kingaby,lkingabypw@nasa.gov,Female,201.98.226.37
934,Hali,Ellerton,hellertonpx@live.com,Female,123.81.44.138
935,Frederico,Mazzia,fmazziapy@soundcloud.com,Male,184.26.252.101
936,Trent,Sextie,tsextiepz@usnews.com,Male,34.65.132.134
937,Gilbert,Niese,gnieseq0@prlog.org,Male,167.178.11.233
938,Simon,Steiner,ssteinerq1@nba.com,Genderfluid,212.147.112.27
939,Durant,Rosendahl,drosendahlq2@alexa.com,Genderfluid,82.221.240.199
940,Jerome,Dow,jdowq3@ifeng.com,Male,146.221.17.111
941,Nikolaus,Rawnsley,nrawnsleyq4@flavors.me,Male,130.218.80.7
942,Clary,Poynter,cpoynterq5@eventbrite.com,Non-binary,161.163.176.192
943,West,Paskins,wpaskinsq6@nbcnews.com,Male,58.158.166.223
944,Alameda,Methingam,amethingamq7@vistaprint.com,Female,0.49.253.121
945,Theda,Radmore,tradmoreq8@unc.edu,Genderfluid,238.68.61.136
946,Giana,Toman,gtomanq9@aol.com,Female,115.118.172.53
947,Milicent,Ledgley,mledgleyqa@reference.com,Female,113.100.131.26
948,Morna,Roskrug,mroskrugqb@hc360.com,Female,166.159.133.253
949,Clemmie,Fancutt,cfancuttqc@amazonaws.com,Female,165.169.140.186
950,Netti,Haldenby,nhaldenbyqd@example.com,Female,233.254.240.24
951,Theo,Rodda,troddaqe@elegantthemes.com,Male,200.80.137.29
952,Drusi,Treven,dtrevenqf@newsvine.com,Female,195.182.127.113
953,Marcia,Ecles,meclesqg@yellowpages.com,Female,116.141.143.201
954,Joel,Waghorne,jwaghorneqh@homestead.com,Male,96.60.6.38
955,Cleveland,Sole,csoleqi@vk.com,Male,128.91.203.223
956,Happy,Wimmer,hwimmerqj@paginegialle.it,Female,198.137.70.38
957,Rena,Devoy,rdevoyqk@theguardian.com,Non-binary,144.128.105.90
958,Farrell,Ramberg,frambergql@ucla.edu,Male,17.29.96.128
959,Ebonee,Lavens,elavensqm@sogou.com,Female,69.161.250.49
960,Cozmo,Skirven,cskirvenqn@timesonline.co.uk,Male,78.8.50.123
961,Cody,Fritter,cfritterqo@prlog.org,Male,46.86.163.193
962,Erma,Canepe,ecanepeqp@huffingtonpost.com,Female,130.236.254.59
963,Harry,Tschierse,htschierseqq@abc.net.au,Male,68.137.236.23
964,Teena,Lyfield,tlyfieldqr@patch.com,Female,122.211.240.240
965,Hadlee,Baldrey,hbaldreyqs@mayoclinic.com,Male,228.213.159.221
966,Arnaldo,St. Quentin,astquentinqt@technorati.com,Male,205.218.179.39
967,Ally,Grosvenor,agrosvenorqu@sitemeter.com,Female,16.170.255.11
968,Robinet,Thiolier,rthiolierqv@yale.edu,Male,177.16.114.111
969,Edie,Maidment,emaidmentqw@deliciousdays.com,Female,164.56.81.150
970,Kin,Donneely,kdonneelyqx@elegantthemes.com,Male,109.235.178.233
971,Tito,Collens,tcollensqy@ca.gov,Male,90.203.137.83
972,Marijn,Costar,mcostarqz@cmu.edu,Male,185.27.221.75
973,Broddie,Heaps,bheapsr0@people.com.cn,Male,1.85.55.134
974,Alejoa,Wookey,awookeyr1@arstechnica.com,Male,54.207.1.42
975,Lindsay,Knobell,lknobellr2@cargocollective.com,Female,175.255.164.177
976,Bev,Bondar,bbondarr3@woothemes.com,Female,61.113.255.160
977,Virginia,Casper,vcasperr4@prnewswire.com,Female,64.132.54.146
978,Niccolo,Letertre,nletertrer5@yahoo.co.jp,Male,17.100.172.192
979,Tuckie,Bodesson,tbodessonr6@mapy.cz,Male,151.222.64.226
980,Erroll,Stritton,estrittonr7@creativecommons.org,Male,77.102.153.189
981,Hieronymus,Plaistowe,hplaistower8@freewebs.com,Male,138.99.250.138
982,Gabriel,Bielfeldt,gbielfeldtr9@alexa.com,Bigender,170.32.167.121
983,Sigfrid,Tomaselli,stomasellira@fotki.com,Male,205.37.73.2
984,Howie,Cockren,hcockrenrb@creativecommons.org,Male,212.52.230.106
985,Sloane,Cheley,scheleyrc@studiopress.com,Male,156.75.70.161
986,Maurine,Tiley,mtileyrd@i2i.jp,Female,241.57.227.151
987,Llewellyn,Loxdale,lloxdalere@apple.com,Male,250.207.140.235
988,Meredeth,Venning,mvenningrf@usnews.com,Male,139.67.160.89
989,Arvin,Howard,ahowardrg@mayoclinic.com,Male,14.94.57.66
990,Dimitry,Mariner,dmarinerrh@hhs.gov,Male,217.107.99.206
991,Roanna,Addekin,raddekinri@pinterest.com,Female,130.178.199.248
992,Luther,Carswell,lcarswellrj@seesaa.net,Male,49.7.18.16
993,Robin,Filipponi,rfilipponirk@columbia.edu,Male,164.189.3.236
994,Lief,De Francisci,ldefranciscirl@mediafire.com,Male,119.212.7.35
995,Esteban,Banting,ebantingrm@cam.ac.uk,Male,105.2.147.88
996,Cass,Harper,charperrn@tamu.edu,Male,242.99.175.112
997,Wright,D'Costa,wdcostaro@technorati.com,Male,213.123.17.108
998,Tedman,Biddlecombe,tbiddlecomberp@printfriendly.com,Male,237.121.190.30
999,Penelope,Jerson,pjersonrq@google.co.jp,Female,31.10.143.32
1000,Johnnie,Fihelly,jfihellyrr@theatlantic.com,Male,52.229.158.174
